{"mu": {"cpi_yoy_lagged": 2.4486726324268107, "unrate_lagged": 6.171531618177447, "t10y2y_lagged": 1.2497523443135368, "gdp_qoq_lagged": 0.4856841247429441}, "sd": {"cpi_yoy_lagged": 2.120800417043621, "unrate_lagged": 2.2677744588682613, "t10y2y_lagged": 0.9062058018227327, "gdp_qoq_lagged": 1.549276333449601}}